"ئەگەر تایەی سپێر بەکارابوو یان لووس بووبوو و ناچاربووی بیگۆڕیت، ئایا ڕۆیشتن بە تایەی سپێر یاساییە؟"," بەڵێ، بەو مەرجەی تایەکە پڕ هەوا بیت و پاڵەپەستۆی گونجاو بیت","بەڵێ، بەڵام پێویستە تایە پەنجەرەکە لە ماوەی بیست و چوار کاتژمێردا چاک بکەیت","نەخێر، لێخوڕین بە تایەی لوس بەبێ یاسا قەدەغەیە، تەنانەت ئەگەر سیترەکەیش بیت",C,,
لێخوڕینی ئۆتۆمبیل لە ژێر کاریگەری مەی و ماددە بێهۆشکەرەکان,سەرپێچی و مەترسییە,مەترسیدارە,ئاساییە,A,,
ئایا ئامێری ئاگرکوژێنەوە گرنگە لە ئۆتۆمبیلدا هەبێت؟,بەڵێ,نەخێر,گرنگ نیە,A,,
پێشینە بۆ,ئۆتۆمبیلەکانی ئینشائییە نەک شەمەندەفەر بەر هەر ئامرازێکی دیکەی گواستنەوە لەسەر سکەی ئاسنین ,بۆ شەمەندەفەر یان هەر ئامرازێکی دیکەی گواستنەوە لەسەر سکەی ئاسنین نەک ئۆتۆمبیلەکان,ئۆتۆمبیلەکانی کشتوکاڵی و ماتۆرەکان نەک شەمەندەفەر یان هەر ئامرازێکی دیکەی گواستنەوە لەسەر سکەی ئاسنین,B,,
لە کاتی مەشق کردندا کە سەرپێچییەک رووبدات,فێرخواز لێی بەرپرسە,ڕاهێنەر لێی بەرپرسە,هیچ کامیان لێی بەرپرس نین,B,,
"لە کاتی وەستانی پاسی گواستنەوەی گەشتییاران لە شەقام، پێویستە",بەردەوام بە لە لێخوڕین بە هەمان خێرایی ڕۆیشتن,بە وریایی تێپەڕە لە پاسەکە و خێرایی کەم بکەوە,لێخوڕین بە خێرایی زۆر لە پێش پاسەکە,B,,
ئۆتۆمبیل لە شەقام دەردەچیت و کۆنتڕۆڵی لە دەست دەدریت لە کاتی باران یان بەفر یان کاتیک بە شێکی جادەکە تەڕ بیت بە هۆی,شەقامەکە راست نییە,ئۆتۆمبیلەکە بە خێرایییەکی زۆر دەڕوات,تایەی ئۆتۆمبیلەکە ڕۆیشتووە و فاکتەری خشاندن لە نێوان تایەکان و زەوی نەماوە,C,,
لە کاتی بەفر بارین بە ڕۆژ پێویستە شۆفێر,لایتی نزم (ناصی) پێ بکات,لایتی فول پێ بکات,لایتی ئاگاداری پێ بکات,A,,
تێپەڕیوون لە ئۆتۆمبیلەکانی سایدی خێرا ئەنجام دەدرێت,بەکارهێنانی هۆڕن بۆ ئاگادارکردنەوە,بە هەمان خێرایی بڕۆیت و سایدی راست بەڕنەدەبیت,بڕۆیت بۆ سایدی دیوی چەپ بۆ تێپەڕاندنی ڕێگە بە ئۆتۆمبیلەکانی دیکە بدەیت لە سایدی خێرا بڕۆن,C,,
لاپتی زەرد پچڕپچڕ لە جادە بە واتای,ووریابە مەترسی لە پێشەوە هەیە,هێمای پەرینەوەی پیادەکان,ئامادە بە بۆ ڕۆیشتن,A,,
کە نزیک بێت لە چوار ڕیانێک هێمای هاتوچۆی لێ دانەنرابێت و ببینیت ئۆتۆمبیلێک لە دیوی ڕاستەوە دێت,بوەستە و ڕێگە بەو ئۆتۆمبیلەی لای راست بدە بڕوات,بەردەوام بە بە هەمان خێرایی چونکە پێش ئەو هاتی,خێراییت زیاد بکە بۆ ئەوەی پێش ئەو تێپەڕی,A,,
کاتێک لە سایدی دیوی ڕاست لە هێلی خێرا  ئۆتۆمبیلێک دەخۆرێت و نزیک دەبێتەوە لە دەروازەی جادەی خێرا پێویستە ووریا و ئاگادار بیت و هەڵستیت بە,بە کارهێنانی هۆرن بۆ ئاگادارکردنەوە,بە هەمان خێرایی بڕۆیت و سایدی ڕاست بەرنەدەیت,بڕۆیت بۆ سایدی دیوی چەپ بۆ تێپەڕاندنی ڕێگە بە ئۆتۆمبیلەکانی دیکە بدەیت لە سایدی خێرا بڕۆن,B,,
گرنگترین دیکیومێنتەکان چین بۆ ئۆتۆمبیل لە کاتی لێخوڕیندا,"مۆڵەتی لێخوڕین، کارپێکراو بێت و یەکسان بێت لەگەڵ جۆری ئۆتۆمبیل، ساڵانەی ئۆتۆمبیل و پێویستە کارابێ",ناسنامەی باری شارستانی و ڕەگەزنامەی عێراق,کەتەلۆکی ئۆتۆمبیل,A,,
پێویستە لەسەر خاوەن یان شۆفێری ئۆتۆمبیل,ڕێگە بەکەس نەدات مۆڵەتی نەبێت بۆ لێخوڕینی ئۆتۆمبیلەکەی,هەر کەسێک داوای لێ کرد ئۆتۆمبیلەکەی پێ بدات,ڕێگەدان  بە بەکارهێنانی ئۆتۆمبیلەکەی بێ هەبوونی مەرجەکانی سەلامەتی و ئەمان (دیکیومێنتی پشکنینی تەکنیکی) لە ئۆتۆمبیلەکەی,A,,
لێخوڕینی ئۆتۆمبیل لە کاتی باران یان بەفر یان جادەی تەڕ مەودای ڕاگرتن لە کاتی پێ دانان لەسەر برێک,زیاد دەکات,کەم دەکات,باران کاریگەریی لەسەر ناکات,A,,
"لێخوڕین بە شەو پێویستی بە ووریایی و بایەخێکی زۆر هەیە بە بەراورد لەگەڵ لێخوڕین بە ڕۆژ، بەهۆی",بینین لە شەو سنووردارە لە ڕۆشنایی لایتەکان,بەردەوام ئامادە بە بۆ بەکارهێنانی برێک,هەموو لایتەکانی ئۆتۆمبیلەکەت بەکاربێنە و چاوت لەسەر جادە بێت تەنانەت ئەگەر ماندووش بوویت,A,,
کهول و ماددەی هۆشبەر کاریگەری لەسەر مرۆڤ هەیە,ئۆتۆمبیل لێناخوڕم ئەگەر کهولم خواردبێتەوە و ناهێڵم کەس لێبخوڕێت ئەگەر ماددەی کهولی خواردبێت,ڕێژەی کهول و ماددەی هۆشبەر بە کەمی کاریگەری لەسەرم نیە و دەتوانم ئۆتۆمبیل لێبخوڕم,کاریگەری هەیە لەسەر شارەزایی و توانای بڕیاردان لە کاتی لێخوڕین,A,,
کەی کاتی بەکارهێنانی ڕووناکی_یە (لایت) بەپێی یاسا؟,بەکارهێنانی لایت پێش شەو داهاتن (پێش ڕۆژئاوا تاکو پاش ڕۆژهەڵات),تەنها لە کاتی لێخوڕین بە شەو,بە ڕۆژ لە کاتی لێخوڕین لە جادەی خارجی,A,,
هێڵی سپی بەردەوام لەسەر جادەی جووت ساید بەواتای,تێپەڕبوون لێی قەدەغەیە,ئەگەر ئۆتۆمبیل لە بەرامبەر نەهات دەتوانی تێپەڕی,دەتوانی لێی تێپەڕی لە حاڵەتی وەستانی ئۆتۆمبیل لەو سایدەی کە لێی دەخوڕیت,A,,
ڕێگە دەدرێت بە بەکارهێنانی لایتی ئاگادارکردنەوە یان دانانی ئامێری ڕووناکی یان دەنگی وەک فریاکەوتنەکان؟,نەخێر بە هیچ شێوەیەک نابێت,بۆ هەندێک کەس بە ئیستیسنا ڕێگەی پێدراوە,بۆ بارهەڵگرەکان ڕێگەی پێدراوە,A,,
هۆکارەکان چین لە دروستبوونی تەقەتەق لە کاتی بەکارخستنی بزوێنەر یان بەکارهێنانی ئۆتۆمبیل لە ژێر باری قورس یان بە بەتاڵی؟,بەکارهێنانی بەنزین بە ئۆکتانی نزم,دانەنانی قورساییەکی زۆر لەسەر توانای بزوێنەر,بەنزین لە تەنکی کەمی کردووە,A,,
لە کاتی گەرمبوونی ئاوی رادێتەر پێویستە لەسەر شۆفێر,قەپاغی ڕادێتەر هەڵدانەوە بۆ دەرچوونی پاڵەپەستۆ,کوژاندنەوەی بزوێنەر,نەکوژاندنەوەی بزوێنەر و ساردکردنەوەی ڕادێتەر بە ئاو لە دەرەوە بۆ ماوەی 20 خولەک و پاشان کردنەوەی قەپاغی ڕادێتەرەکە,C,,
یەكێك لە هۆکارەکانی پشت گەرمبوونی بزوێنەر,کەمی ئاو لە سیستەمی ساردکردنەوە یان تێکچوونی قەپاغی ڕادێتەر,لێخوڕینی ئۆتۆمبیل بە خێراییەکی کەم,لێخوڕین لە کەشوهەوای گەرم,A,,
لە کاتی لێخوڕینی ئۆتۆمبیل بە خێرایی 30 کم/کاتژمێرێک پێویستە مەودایەک بمێنێت لەگەڵ ئۆتۆمبیلی پێشەوەت؟,10 مەتر,5مەتر,20 مەتر,A,,
بارکردنی سەرنشین بە ژمارەی زیاتر لەوەی پێویستە,دەبێتە هۆی ڕوودانی ڕووداو لەبەرئەوەی ڕێگری لە شۆفێر دەکات و بەرچاوی دەگرێت,دابەشکردنی بار دەبێتە هۆی نالەباری هاوسەنگی ئۆتۆمبیلەکە,دەبێتە هۆی تەقینەوەی تایەکان,B,,
بەکارهێنانی ئەنتی فریز بۆ ساردکەرەوەی (ڕادێتەر) لە وەرزی زستان,لەگەڵ ئاوی ئاسایی تێکەڵ دەکرێت بە ڕێژەی دیاریکراو بەپێی دابەزینی پلەی گەرما,ئاوی ساردکردنەوەی ڕادێتەر ساڵانە دەگۆڕدرێت یان پاش 25000 کم,بۆ ڕێگرتن لە بەستنی ئاوی فلجەکان,A,,
هۆکارەکانی پشت تێکچوونی تایەکان (بەتایبەتی تایەی پێشەوە) و بەکاربردنی خێرایان چین؟,ڕاگرتنی ئۆتۆمبیل و هاوسەنگی پێویستی بە چاککردن و ڕێکخستنی گێچ بڵانس هەیە,لێخوڕینی ئۆتۆمبیل بەبێ سەرنشین,لێخوڕینی ئۆتۆمبیل بە خێرایی و لە ژێر باری قورس,A,,
نوێ  نەکردنەوەی پشکنینی تەکنیکی ساڵانە سزاکەی,پێ بژاردن,زیندانی,دەست بەسەرداگرتنی ئۆتۆمبیل,A,,
ژمارەی تەلەفۆنی پۆلیسی فریاکەوتن,104,122,102,A,,
نوێ  نەکردنەوەی ساڵانەی ئۆتۆمبیل سزاکەی,زیندانی,دەست بەسەرداگرتنی ئۆتۆمبیل,سزای دارایی,C,,
ڕوون گۆڕین بەو شێوەیەی خوارەوە جێبەجێ دەکرێت,ڕوونی بزوێنەر دەگۆڕدرێت بەپێی مەودای ڕۆیشتنی ئۆتۆمبیل و جۆری و مواسەفانی ڕوونەکە و پێویستە فلتەرەکەی لە هەموو ڕوون گۆڕینێک بگۆڕدرێت لە شوێنی تایبەت بە چاککردنەوەی ئۆتۆمبیلەکە,ڕوونی بزوێنەر پاش 1000 کم دەگۆڕدرێت,پێویستە مواسەفاتی ڕوونەکە (50 40W)  بێت لەبەر ئەوەی باشە بۆ وەرزی زستان و هاوین,A,,
لە حاڵەتی تێپەڕبوونی ئۆتۆمبیلێک لە تۆ پێویستە,یارمەتی بدەیت لە ڕێگەی پاراستنی ڕێچکەی ڕۆیشتنی ئۆتۆمبیلەکەت لە سایدی راست و کەمکردنی خێرایی,دەرهێنانی دەستت یان بەکارخستنی لایت بۆ ئاماژەدان بۆ ئەوەی لە ئۆتۆمبیلەکەت تێپەڕێت,زیادکردنی خێرایی ئۆتۆمبیلەکەت بۆ ئەوەی تێنەپەڕێت,A,,
کێبڕکێ یان چالاکی هاوشێوە لە ڕێگەی گشتی ئاساییە؟,بە هیچ شێوەیەک ڕێگەی پێ نادرێت لە ڕێگەی گشتی,بۆ ئۆتۆمبیلە وەرزشییەکان ڕێگەی پێدراوە,لە گەراجەکان ڕێگەی پێدراوە,A,,
ژمارەی تەلەفۆنی فریاکەوتنی هاتوچۆ,188,122,104,A,,
بەرزترین پلەی خێرایی بۆ جۆرە جیاوازەکانی ئۆتۆمبیل بە شەو لە ڕێگەکانی جووت ساید,نیوەی خێرایی دیاریکراو بە یاسا بۆ شەقامەکە,هەمان خێرایی کە یاسا دەستنیشانی کردووە,80کم/کاتژمێرێك,A,,
تێپەڕبوون لە کامیۆن (لە تەنیشتەکانی ئۆتۆمبیل) دەستنیشانکراوە بە مەودایەك کە بریتییە لە,دوا پلە بە 20 سم,دوا پلە بە 50 سم,دووا پلە 80 سم,A,,
ژمارەی تەلەفۆنی فریاکەوتن (ئیسعاف),188,104,122,C,,
تێپەڕبوون لە کامیۆن لە پێش و دوواوە بە دوورییەکی دیاریکراو,1مەتر لەگەڵ دانانی ئاڵایەکی سوور,0.5 مەتر لەگەڵ دانانی ئاڵایەکی سوور,1.5مەتر لەگەڵ دانانی ئاڵایەکی سوور,A,,
بەرزترین خێرایی بۆ شۆفێرەکانی ئۆتۆمبیلی بجووک لە ڕێگەی دەرەکی جووت ساید,90کم / کاتژمێرێك,100کم / کاتژمێرێك,120کم / کاتژمێرێك,B,,
سەرنشینەکانی هەر ئۆتۆمبیلێك لە کاتی سەرکەوتن یان دابەزینیان لە ئۆتۆمبیل پێویستە نەبنە هۆی مەترسی لەسەر ژیانی خەڵکی دیکە لە شەقام,دابەزین و سەرکەوتن لە دیوی ڕاستی ئۆتۆمبیل,دابەزین و سەرکەوتن لە هەموو دەرگاکانەوە,شۆفێر دەتوانێت سەرکەوێت و دابەزێت لە دیوی ڕاستەوە,A,,
"هیچ ئۆتۆمبیلێك بۆی نییە بڕوات لە شەقامی هاتوچۆی خێرا ئەگەر پانتایی زیاتر بوو لە ......، بێجگە لەوەی ئەگەر یەکێك لە ئۆتۆمبیلەکانی هاتوچۆ لەگەڵی بوو بۆ ڕێنیشاندەری و بەکارهێنەرانی شەقامەکان بە شەو و بە ڕۆژ ئاگادار بکاتەوە لەوەی",2 مەتر,2.5 مەتر,3مەتر,B,,
ڕێگەنەدان بە خەڵکی پیادە بۆ پەڕینەوە لە شوێنی دیاریکراوی پەڕینەوە سزای لەسەرە بە بڕی,"10,000 دینار",15000 دینار,30.000 دینار,C,,
"جێهێشتن یان ڕاگرتنی ئۆتۆمبیلی گەورە لە کۆڵان و شەقامە ناوخۆییەکانی ناوچە نیشتەجێبووەکان، بێجگە لە وەستان بۆ ماوەیەکی دیاریکراو بۆ داگرتن یان بارکردن، سزای لەسەرە بە بڕی","5,000 دینار",10000 دینار,20.000 دینار,C,,
دەکرێت ئۆتۆمبیلێك بڕوات پێ شۆفێر تەنانەت ئەگەر کرێنیش ڕایدەکێشا؟,هەموو جۆرەکانی ئۆتۆمبیل,تەنها کامیۆنەکان,ئۆتۆمبیلەکانی ئینشا,A,,
بەکارهێنانی ڕووناکی نزم لە کاتی ڕۆژ ئەگەر,پیادە لەوێ هەبوو,ڕەتلی ئۆتۆمبیل هەبوو,تەم و مژ هەبوو یان تۆز,C,,
لێخوڕینی ئۆتۆمبیل بە ژمارەی نەخوێندراو یان تێکچوو سزای لەسەرە بە بڕی,"30,000 دینار",20000 دینار,10.000 دینار,A,,
بەکارنەهێنانی پشتێنی سەلامەتی لەو ئۆتۆمبیلانەی پشتێنی تێدا هەیە لە کاتی لێخوڕین سزای لەسەرە بە بڕی,"20,000 دینار",15000 دینار,30.000 دینار,A,,
"لێخوڕینی هەر ئۆتۆمبیلێك قەدەغەیە ئەگەر بەربەست لە بەردەم بینینی شۆفێرەکە هەبوو، بۆ نموونە",شکان لە جامی پێشەوە یان تەنیشتەکان کە ڕێگر بێت لە بینین بە باشی,لێخوڕینی ئۆتۆمبیل ئاساییە ئەگەر جامی دەرگاکان تاریک بوو,باری ئۆتۆمبیلەکە پەیوەندی بەم مەسەلەیە نیە,A,,
کاتێک بزوێنەر گەرم هەڵدەگەرێت,قەپاغی ئاوی ڕادێتەر هەڵگرن و بیهێڵن تا ئەو کاتەی بزوێنەر سارد دەبێت,قەپاغی ئاوی ڕادێتەر هەڵگرن و ئاوی بۆ زیاد بکەن تا ئەو کاتەی ڕادێتەر سارد دەبێت,بە هیچ شێوەیەک قەپاغی ئاوی ڕادێتەر مەکەوە ئەگەر بزوێنەر گەرم بوو و ئاوی بۆ زیاد مەکە,C,,
سوورانەوە بۆ دیوی چەپ نەنجام دەدرێت,دەرهێنانی دەستی چەپ لە پەنجەرەی ئۆتۆمبیلەکەوە,بەکارهێنانی لایتی ڕووناکی بۆ دیوی چەپ,بەکارهێنانی لایتی وەستانی فریاگوزاری,B,,
شۆفێر بەرپرسیارە لەسەر سەلامەتی ئۆتۆمبیلەکەی و پێویستە ڕۆژانە و بە شێوەیەکی دەوری پشکنینی بکات پێش لێخوڕین لەپێناو دڵنیابوون لە,گونجاوبوونی بۆ لێخوڕین,پاڵەپەستۆی تایەکان,پلێتی تۆمار,A,,
تێپەڕبوون قەدەغەیە ئەگەر,ئەگەر هێمای وەستان قەدەغەیە بینیت,لە شەقامەکانی خارجی,لە شەقامی هەڵخلیسکاو,C,,
پەڕینەوەی خەڵک لە شوێنە دیاریکراوەکانی پەڕینەوە,شۆفێر لەسەر ژیانیان بەرپرسیار دەبێت,دادوەر حوكمەکەت سووك ناکات لەبەر ئەوەی یاسا پشتی قوربانی دەگرێت,شۆفێری پیادە سزای 10 ساڵ زیندانی لەسەر هەیە,A,,
دانیشتنی منداڵان و ئەوانەی تەمەنیان لەخوارووی 10 ساڵە بەو شێوەیەی خوارەوە دەبێت,لە سەندوقی ئۆتۆمبیل,لە باوەشی سەرنشینەکەی پێشەوە,لە کورسی دواوە و لە کورسی تایبەت بە دانیشتنی منداڵان,C,,
پێویستە شۆفێر لە سایدی ئەوپەڕی ڕاستی شەقامەکە لێبخوڕێت لەو حاڵەتانەی خوارەوە,ئەگەر ئۆتۆمبیلەکەی بە خێرایییەکی کەمتر لە سنووری خێرایی دەستنیشانکراو لێدەخوڕی,لە کاتی تێپەڕبوون لە ئۆتۆمبیلی پێشەوە,لە کاتی لێخوڕینی بە خێرایی لە سایدێکی دیکە,A,,
بەکارهێنانی فول لایت قەدەغەیە,لە شەقامی هاتوچۆی خێرا,لە شەقامی خارجی,ئەگەر ئۆتۆمبیلێك لە بەرامبەر هات یان لە کاتی نزیکبوونەوە لە ئۆتۆمبیلێکی پێشت,C,,
"لێخوڕین لە شەقامی دوور دەبێتە هۆی هەستکردن بە خەو یان ماندووبوون، بۆیە پێویستە لە هەموو کاتژمێرێکدا",8 خولەک پشوو وەربگریت,6خولەک پشوو وەربگریت,5خولەک پشوو وەربگریت,C,,
بەکارهێنانی هۆرن,لە شوێنی قەرەباڵغ بەکار دەهێنرێت,لە نزیک قوتابخانە و نەخۆشخانەکان,لە کاتی پێویست کە بەکارهێنانی گرنگە یان بۆ خولادان لە مەترسییەکی پێشبینیکراو,C,,
شۆفێرەکان دەتوانن لە تاریکی یان بە شەو پیادەکان ببینن ئەگەر,جلوبەرگی تاریکی لەبەر بوو,ڕەنگی کاڵ یان عەکسیان لەبەر بوو,جلوبەرگی ڕەنگاو ڕەنگیان لەبەر بوو,C,,
ئایا  ئۆتۆمبیل دزەی بەنزینی هەبێت لە سیستەمی بەنزین دەبێتە هۆی دەرنەچوونی ئۆتۆمبیل لە پشکنینی ساڵانەی ئۆتۆمبیل؟,بەڵێ دەبێتە هۆکاری دەرنەچوون,نەخێر نابێتە هۆی دەرنەچوون,گرنگ نییە,A,,
ئایا دزەی ڕۆنی برێک (استاب) دەبێتە هۆکاری دەرنەچوونی ئۆتۆمبیل لە پشکنینی ساڵانەی ئۆتۆمبیل؟,بەڵێ دەبێتە هۆکاری دەرنەچوون,نەخێر نابێتە هۆی دەرنەچوون,گرنگ نییە,A,,
ئایا کەمبوونی ڕۆنی برێک لە عەمباری برێک (دەبەی دەبوی سەرەکی) دەبێتە هۆکاری دەرنەچوونی ئۆتۆمبیل لە پشکنینی ساڵانەی ئۆتۆمبیل؟,بەڵێ دەبێتە هۆکاری دەرنەچوون,نەخێر نابێتە هۆی دەرنەچوون,گرنگ نییە,A,,
هەڵگرتنی مۆڵەتی لێخوڕین پێویست دەکات لە هەموو کاتێک ئۆتۆمبیل لێخوڕیت؟,مەرج نییە مۆڵەتەکە هەڵگری,بۆ گەشتی دوور مۆڵەت پێویست نییە,بەڵێ,C,,
ئایا کارنەکردنی هاندبرێک دەبێتە هۆکاری دەرنەچوونی ئۆتۆمبیل لە پشکنینی ساڵانەی ئۆتۆمبیل؟,بەڵێ دەبێتە هۆکاری دەرنەچوون,نەخێر نابێتە هۆی دەرنەچوون,گرنگ نییە,A,,
ئایا شکان و نەبوونی ئاوێنەی راست یان چەپی شۆفێر دەبێتە هۆکاری دەرنەچوونی ئۆتۆمبیل لە پشکنینی ساڵانەی ئۆتۆمبیل؟,بەڵێ دەبێتە هۆکاری دەرنەچوون,نەخێر نابێتە هۆی دەرنەچوون,گرنگ نییە,A,,
ئایا کارنەکردنی فڵچەی جامەکانی ئۆتۆمبیل دەبێتە هۆکاری دەرنەچوونی ئۆتۆمبیل لە پشکنینی ساڵانەی ئۆتۆمبیل؟,بەڵێ دەبێتە هۆکاری دەرنەچوون,نەخێر نابێتە هۆی دەرنەچوون,گرنگ نییە,A,,
فۆڕمی ئەنجامی پشکنین ئەو مۆرەی لەسەر دەکرێت,مۆری دەرچوون + مۆری ئاوی + هۆڵۆگرامی کۆمپانیا,تەنها مۆری دەرچوون,تەنها هۆلۆگرام,A,,
"لەگەڵ ئەنجامی پشکنین پاش دەرچوونی ئۆتۆمبیل، ئەوانەی لای خوارەوە پێشکەش دەکرێت",باجێکی تایبەت لەسەر جامی پێشەوە دەدرێت لە دیوی لای چەپ لە سەرەوە,هیچ باجێکی پێشکەش ناکرێت,باجەکە پێویست نییە,A,,
ئایا کاڵبوونەوەی ڕەنگی بۆیاغی ئۆتۆمبیل دەبێتە هۆکاری دەرنەچوونی ئۆتۆمبیل لە پشکنینی ساڵانە؟,بەڵێ دەبێتە هۆکاری دەرنەچوون,نەخێر نابێتە هۆی دەرنەچوون,گرنگ نییە,C,,
ئایا ئەگەر ئۆتۆمبیل ژەنگی پەیکەری هەبێت لە دۆسەکانی دەبێتە هۆکاری دەرنەچوونی ئۆتۆمبیل لە پشکنینی ساڵانەی ئۆتۆمبیل؟,بەڵێ دەبێتە هۆکاری دەرنەچوون,نەخێر دەردەچێت بە مەرجێک شوێنی جەگ لێدانی نەبێت و لە 10 سم زیاتر نەبێت ,گرنگ نییە,B,,
یەكێك لە فاکتەرە سەرەکییەکانی سەلامەتی لە شەقامەکە,هەبوونی مەرجەکانی سەلامەتی (پشکنینی تەکنیکی  دەوری بۆ ئۆتۆمبیلەکان),سەلامەتی پەیوەندی بە پشکنینی تەکنیکی ئۆتۆمبیلەکان نیە,بەڕێوەبەرایەتییەکانی هاتوچۆ پشت نابەستن بە پشکنینی تەکنیکی لە کاتی نوێکردنەوەی ساڵانەی ئۆتۆمبیلەکان,A,,
تێکچوونی هۆرن لە کاتی پشکنین دەبێتە هۆی,دەرنەچوونی ئۆتۆمبیل لە پشکنین,نابێتە هۆی کەوتنی لە پشکنین,هۆرن پەیوەندی بە پشکنینەوە نییە,A,,
ئایا داگیرسانی گڵۆپی مەکینە لە داشبورد دەبێتە هۆکاری دەرنەچوونی ئۆتۆمبیل لە پشکنینی ساڵانەی ئۆتۆمبیل؟,بەڵێ دەبێتە هۆکاری دەرنەچوون,نەخێر نابێتە هۆی دەرنەچوون,تەنها نمرەی دادەبەزێت,C,,
پشکنینی یەکەم پێکهاتووە لە,پشکنینی هەموو بڕگەکانی فۆرمی پشکنینی لاوەکی و سەرەکی,تەنها پشکنینی بڕگە سەرەکییەکان,تەنها پشکنینی بڕگە لاوەکییەکان,A,,
"ئەگەر ئۆتۆمبیل گڵۆپەکانی بەرزی و نزمی زینۆنی بیلادی بێت، لە پشکنینی ساڵانەی ئۆتۆمبیل دەردەچێت؟",بەڵێ دەردەچێت,نەخێر دەرناچێت,گرنگ نییە,A,,
ئایا ئەگەر قفلی بۆنید نەکرێتەوە دەبێتە هۆکاری دەرنەچوونی ئۆتۆمبیل لە پشکنینی ساڵانەی ئۆتۆمبیل؟,بەڵێ دەبێتە هۆکاری دەرنەچوون,نەخێر نابێتە هۆی دەرنەچوون,گرنگ نییە,A,,
"ئایا ئەگەر گزۆزی ئۆتۆمبیل دەنگ بەرزکەرەوەی بۆ بەسترا، دەبێتە هۆکاری دەرنەچوونی ئۆتۆمبیل لە پشکنینی ساڵانەی ئۆتۆمبیل؟",بەڵێ دەردەچێت,"نەخێر دەرناچێت، دەبێت لەسەر شێوازی بیلادی بێت",گرنگ نییە,B,,
ئایا ئەگەر سۆندەی برێک (استاب) دزەی ڕوونی هەبێت دەبێتە هۆکاری دەرنەچوونی ئۆتۆمبیل لە پشکنینی ساڵانەی ئۆتۆمبیل؟,بەڵێ دەردەچێت,نەخێر دەرناچێت,گرنگ نییە,B,,
سوودی پشتێنی سەلامەتی,تەنها بۆ شۆفێرە,بۆ شۆفێر و گشت سەرنشینەکانی ترە,هیچ سوودێکی نیە و گرنگ نیە,B,,
ئەم هێمایە چی دەگەیەنێت؟,پێشینە بۆ تۆیە,پێشینە بۆ تۆ نیە,بۆ پێشەوە بڕۆ,C,B81.png.jpg,
ئەم هێمایە چی دەگەیەنێت؟,ئاگاداربە ڕێگاکە تەسك دەبێتەوە لە هەردوو لا,ئاگاداربە ڕێگاکە تەسك دەبێتەوە لە لای ڕاست,ئاگاداربە ڕێگاکە تەسك دەبێتەوە لە لای چەپ,C,B82.png.jpg,
ئەم هێمایە چی دەگەیەنێت؟,هاتوچۆکردنی ئۆتۆمبیلی گەورە قەدەغەیە (ترێلە),هاتوچۆکردنی ئۆتۆمبیلی گەورە قەدەغە نیە (ترێلە),وەستانی ئۆتۆمبیلی گەورە قەدەغەیە,A,B83.png.jpg,
ئەم هێمایە چی دەگەیەنێت؟,ئاگاداری تاشە بەردی کەوتوو بە لە لای چەپ,ئاگاداری تاشە بەردی کەوتوو بە لە لای ڕاست,ئاگاداری تاشە بەردی کەوتوو بە لە هەردوو لا,A,B84.png.jpg,
ئەم هێمایە چی دەگەیەنێت؟,سەرەتای ڕێگای خێرایە,ڕێگایەکی یەک ئاراستەیە,ڕێگایەکە داخراوە لە کۆتایی,B,B85.png.jpg,
ئەم هێمایە چی دەگەیەنێت؟,ئاگاداری مەترسی جۆراوجۆر بە,ئاگادار بە تاسە لە پێشتە,ئاگاداری بەربەست بە,B,B86.png.jpg,
ئەم هێمایە چی دەگەیەنێت؟,چوونە ژوورەوە قەدەغەیە,هاتوچۆکردنی ئۆتۆمبیلی بچووک,هاتوچۆکردن قەدەغەیە لە هەردوو لا,A,B87.png.jpg,
ئەم هێمایە چی دەگەیەنێت؟,ڕێگای سەرەکی پێشینەی (پێشینە بۆ تۆیە),"ئۆتۆمبیلەکانی بەرامبەر ناچارن بە پێشینەدان، ئاگاداربە",بوەستە و ڕێگە بە پێشینە بدە,C,B88.png.jpg,
ئەم هێمایە چی دەگەیەنێت؟,ئاگاداری چوونە ژوورەوەی تونێل بە,چوونە ژوورەوە قەدەغەیە,ئاگاداری تاشەبەردی کەوتوو بە,A,B89.png.jpg,
ئەم هێمایە چی دەگەیەنێت؟,ئاگاداربە هەورازێکی تێژ بە پلەی 12٪,ئاگاداربە نشێویەکی مەترسیدار بە پلەی 12٪,ئاگاداربە تاسەت لە پێشە بە پلەی 12٪,A,B90.png.jpg,
ئەم هێمایە چی دەگەیەنێت؟,ئاگاداربە تاسەت لە پێشە بە پلە 12٪,ئاگاداربە نشێویەکی مەترسیدار بە پلەی 12٪,ئاگاداربە هەورازێکی تیژبە بە پلەی 12٪,B,B91.png.jpg,
مانگی دەستنیشانکراو چیە بۆ پشکنینی ئۆتۆمبیلەکەت کە ئەو ژمارەیەی لای خوارەوەی هەیە؟,مانگی چوارەم (نیسان),مانگی حەوتەم (تەمموز), ج .مانگی نۆیەم (ئەیلول),C,B92.png.jpg,
ئەم هێمایە چی دەگەیەنێت؟,ئاگاداربە هێڵی شەمەندەفەر لە پێشە,ئاگاداربە درێژایی 100 مەتر,ئاگاداربە بە درێژایی 200 مەتر,B,B93.png.jpg,
ئەم هێمایە چی دەگەیەنێت؟,ئاگاداربە تاشە بەردی کەوتوو بە لای ڕاست,ئاگاداربە لە چەوی پەرش و بڵاوە بوو,ئاگاداری ڕێگای هەڵخلیسکان بە,B,B94.png.jpg,
ئەم هێمایە چی دەگەیەنێت؟,ئاگاداربە وێنەگرتن قەدەغەیە,ئاگاداربە لە تەنیشتە با,ئاگاداری کامێڕای خێرایی بە,C,B95.png.jpg,
ئەم هێمایە چی دەگەیەنێت؟,ئاگاداربە دووریەکی گونجاو جێبهێلە لە نێوان ئۆتۆمبیلەکەت,پێشینەی هاتوچۆ بۆ لای تۆیە,لێک رەت بوون قەدەغەیە,C,B96.png.jpg,
ئەم هێمایە چی دەگەیەنێت؟,دەرچوونی بارهەڵگرەکان قەدەغەیە,کۆتایی قەدەغەکردنی دەرچوونی بارهەڵگرەکان,هاتوچۆکردنی ئەو ئۆتۆمبیلانەی کە درێژییەکەیان زیاترە,A,B97.png.jpg,
ئەم هێمایە چی دەگەیەنێت؟,کۆتایی قەدەغەکردنی دەرچوون لە ئۆتۆمبیلە بچووکەکان,کۆتایی قەدەغەکردنی دەرچوون لە گشت ئۆتۆمبیلەکان,کۆتاییەکی دیاریکراو,A,B98.png.jpg,
ئەم هێمایە چی دەگەیەنێت؟,قەدەغەکردنی دەرچوونی بارهەڵگرەکان,کۆتایی قەدەغەکردنی دەرچوونی بارهەڵگرەکان,کۆتایی قەدەغەکردنی دەرچوونی گشت ئۆتۆمبیلەکان,B,B99.png.jpg,
ئەو بەشەی بزوێنەر کە تیرەی لەسەر دانراوە ناوی چییە؟,خەززانی شلەی پاوەر,خەززانی شلەی برێک,خەززانی ئاوی فڵچەکان,A,B100.png.jpg,
مەودای دروست چەندە بۆ وەستانی ئۆتۆمبیل لە نزیک وێستگەی باص؟,10 مەتر پاش و 20 مەتر پێش وێستگەی باص,وەستان لە وێستگەی پاص بۆ ماوەی 3 خولەک ئاساییە,15مەتر پێش و ١٠مەتر پاش وێستگەی پاص,A,B101.png.jpg,
ئەو بەشەی بزوێنەر کە تیرەی لەسەر دانراوە ناوی چییە؟,خەززانی شلەی برێک,خەززانی ئاوی فڵچەکان,خەززانی شلەی پاوەر برێک,B,B102.png.jpg,
ئەو بەشەی بزوێنەر کە تیرەی لەسەر دانراوە ناوی چییە؟,گێچی ڕوونی برێک,گێچی ڕوونی بزوێنەر,گێچی ڕوونی پاوەر برێک,B,B103.png.jpg,
چی لەو وێنەیە تێدەگەیت لە حاڵەتی نەبوونی هێماکانی هاتوچۆ؟,"وریابە، گەڕەکی نیشتەجێیە",شەقامی کشتوکاڵی,پێویستە خێرایی ڕۆیشتنی ئۆتۆمبیل تێنەپەڕێت لە 60 کم/ لە کاتژمێرێک,A,B104.png.jpg,
چی لەو وێنەیە تێدەگەیت لە حاڵەتی نەبوونی هێماکانی هاتوچۆ؟,گەرەکی نیشتەجێ (وریابە),شەقامی کشتوکاڵی,پێویستە خێرایی ڕۆیشتنی ئۆتۆمبیل تێنەپەڕێت لە 80 کم/ لە کاتژمێرێک,B,B105.png.jpg,
مەودای دروست چەندە بۆ وەستانی ئۆتۆمبیل لە نزیک هێڵی پەڕینەوەی پیادە؟,20 مەتر پێش و 10 مەتر پاش هێڵی پەڕینەوە,"مەودا گرنگ نیە, گرنگ ئەوەیە لەسەر هێڵ نەوەستێت",5مەتر پێش و 5مەتر پاش هێلی پەڕینەوە,A,B106.png.jpg,
پێشینە بۆ کێیە؟,ئۆتۆمبیلی ڕەنگ سپی,ئۆتۆمبیلی ڕەنگ سوور,هەردووکیان,A,B107.png.jpg,
پێشینە بۆ کێیە؟,ئۆتۆمبیلی ڕەنگ سەوز,هەردوو ئۆتۆمبیلەکانی ڕەنگ سپی و سوور,ئۆتۆمبیلی ڕەنگ شین,A,B108.png.jpg,
پێشینە بۆ کێیە؟,ئۆتۆمبیلی پشت پاسەکە,ئۆتۆمبیلی تەنیشت پاسەکە,پێشینە نییە,B,B109.png.jpg,
پێشینە بۆ کێیە؟,ئۆتۆمبیلی ڕەنگ سوور,ئۆتۆمبیلی ڕەنگ سپی,بارهەڵگرەکە,A,B110.png.jpg,
پێشینە بۆ کێیە؟,ئۆتۆمبیلی ڕەنگ سپی,ئۆتۆمبیلی ڕەنگ سوور,هەردووکیان,B,B111.png.jpg,
پێشینە بۆ کێیە بۆ سوورانەوە لە فلکە؟,ئۆتۆمبیلی H,ئۆتۆمبیلی G,پێشینە بۆ هیچ کامیان نییە,B,B112.png.jpg,
پێشینە بۆ کێیە؟,ئۆتۆمبیلی ڕەنگ سوور کە لە وێستگەی سووتەمەنی دەردەچێت,ئۆتۆمبیلی ڕەنگ سپی,هەردووکیان,B,B113.png.jpg,
پێشینە بۆ کێیە؟,ئۆتۆمبیلی ڕەنگ سپی,پیادەکان,پێشینە نیە,B,B114.png.jpg,
"ئەگەر ئەم حاڵەتەت هاتە پێش، چی دەکەیت؟",وریابە و خێراییت کەم بکەوە,خێراییت زیاد بکە و لێی تێپەڕە,بەردەوام بە لە ڕۆیشتن بەپێی خێرایی دەستنیشانکراوی شەقام,A,B115.png.jpg,
پێشینە بۆ کێیە بەپێی زنجیرەیی؟,A و پاشان E و دواتر C و لە کۆتایشدا B,B و پاشان C و دواتر A و لە کۆتایشدا E,A و پاشان B و دواتر C و لە کۆتایشدا E,C,B116.png.jpg,
پێشینە بۆ کێیە بە هەبوونی هێمای وەستان؟,ئۆتۆمبیلی A,ئۆتۆمبیلی B,نزیکترین ئۆتۆمبیل لە چوارڕیان,B,B117.png.jpg,
پێشینە بۆ کێیە لە کاتی هەبوونی هێمای پێشینە؟,ئۆتۆمبیلی A,ئۆتۆمبیلی B,هەردووکیان پێکەوە,A,B118.png.jpg,
"لە کاتی لێخوڕینی ئۆتۆمبیل بە شەو، مەودای چەند پێویستە هەبێت لە نێوان دوو ئۆتۆمبیلی بەرامبەر یەکتری بۆ بەکارهێنانی لایتی نزم؟",300 مەتر,200 مەتر,150مەتر,C,B119.png.jpg,
پێشینە بۆ کێیە؟,ئۆتۆمبیلی A,ئۆتۆمبیلی B,نزیکترین ئۆتۆمبیل لە سێریانە,A,B120.png.jpg,
پێشینە بۆ کێیە؟,پاسکیلسوارەکە و پاشان پیادەکان و دواتر ئۆتۆمبیلی E و لە کۆتاییدا A,ئۆتۆمبیلی E و پاشان ئۆتۆمبیلی A و دواتر پاسکیلسوارەکە و لە کۆتاییدا پیادەکە,ئۆتۆمبیلی A و پاشان پاسکیل سوارەکە و دواتر پیادەکە و لە کۆتاییدا ئۆتۆمبیلی E,A,B121.png.jpg,
ئۆتۆمبیلەکە بۆی هەیە لە ماتۆڕسکیلەکە تێپەڕێت؟,بەڵێ,نەخێر,بەڵێ لەبەر ئەوەی ماتۆڕسکیلە,B,B122.png.jpg,
"لە کاتی لێخوڕینی ئۆتۆمبیل بە شەو، مەودای چەند پێویستە هەبێت لە نێوان ئۆتۆمبیلەکەت و ئۆتۆمبیلی پێشەوەت بۆ بەکارهێنانی لایتی نزم؟",150 مەتر,200 مەتر,300مەتر,A,B123.png.jpg,
وەستان لە شەقامی خێرا  ئاساییە بۆ سەرکەوتن و دابەزینی سەرنشینەکان؟,ڕێگەی پێدراوە تەنها لە ساتەکانی ڕۆژ,ڕێگەی پێدراوە لە کاتی وەستان لە شوێنەکانی وەستان,بە هەموو شێوەیەک قەدەغەیە,C,,
لە کام حاڵەت تێپەڕبوون یان هەوڵی تێپەڕبوون لە ئۆتۆمبیلی دیکە قەدەغەیە؟,لە کاتی بەسەرکەوتنی هەوراز لە ناوچەی چیایی,پێش مەفرەقی شەمەندەفەر بە دووری 300 مەتر,کاتێک مەودای بینین ڕوون و بەس نیە بۆ دڵنیابوون لە چۆڵی شەقام,C,,
ئایا ڕاگرتنی ئۆتۆمبیل لە دیوی چەپی شەقامی جووت ساید؟,بە هەموو شێوەیەک قەدەغەیە,ئاساییە بەو مەرجەی لە تەنیشت شۆستەکە بوەستێت,ئاساییە بەو مەرجەی شەقامەکە سایدی زۆر بێت,A,,
