پرسیارەکان,هەڵبژاردەی یەکەم(A),هەڵبژاردەی دووەم(B),هەڵبژاردەی سێیەم(C),وەڵأمی ڕاست,1.png
"ئەگەر تایەی سپێر بەکارابوو یان لووس بووبوو و ناچاربووی بیگۆڕیت، ئایا ڕۆیشتن بە تایەی سپێر یاساییە؟"," بەڵێ، بەو مەرجەی تایەکە پڕ هەوا بیت و پاڵەپەستۆی گونجاو بیت"," بەڵێ، بەڵام پێویستە تایە پەنجەرەکە لە ماوەی بیست و چوار کاتژمێردا چاک بکەیت","نەخێر، لێخوڕین بە تایەی لوس بەبێ یاسا قەدەغەیە، تەنانەت ئەگەر سیترەکەیش بیت",C2,
لێخوڕینی ئۆتۆمبیل لە ژێر کاریگەری مەی و ماددە بێهۆشکەرەکان,سەرپێچی و مەترسییە,مەترسیدارە,ئاساییە,A3,
ئایا ئامێری ئاگرکوژێنەوە گرنگە لە ئۆتۆمبیلدا هەبێت؟,بەڵێ,نەخێر,گرنگ نیە,A4,
پێشینە بۆ,ئۆتۆمبیلەکانی ئینشائییە نەک شەمەندەفەر بەر هەر ئامرازێکی دیکەی گواستنەوە لەسەر سکەی ئاسنین ,بۆ شەمەندەفەر یان هەر ئامرازێکی دیکەی گواستنەوە لەسەر سکەی ئاسنین نەک ئۆتۆمبیلەکان,ئۆتۆمبیلەکانی کشتوکاڵی و ماتۆرەکان نەک شەمەندەفەر یان هەر ئامرازێکی دیکەی گواستنەوە لەسەر سکەی ئاسنین,B5,
لە کاتی مەشق کردندا کە سەرپێچییەک رووبدات,فێرخواز لێی بەرپرسە,ڕاهێنەر لێی بەرپرسە,هیچ کامیان لێی بەرپرس نین,B6,
"لە کاتی وەستانی پاسی گواستنەوەی گەشتییاران لە شەقام، پێویستە",بەردەوام بە لە لێخوڕین بە هەمان خێرایی ڕۆیشتن,بە وریایی تێپەڕە لە پاسەکە و خێرایی کەم بکەوە,لێخوڕین بە خێرایی زۆر لە پێش پاسەکە,B7,
ئۆتۆمبیل لە شەقام دەردەچیت و کۆنتڕۆڵی لە دەست دەدریت لە کاتی باران یان بەفر یان کاتیک بە شێکی جادەکە تەڕ بیت بە هۆی,شەقامەکە راست نییە,ئۆتۆمبیلەکە بە خێرایییەکی زۆر دەڕوات,تایەی ئۆتۆمبیلەکە ڕۆیشتووە و فاکتەری خشاندن لە نێوان تایەکان و زەوی نەماوە,C8,
لە کاتی بەفر بارین بە ڕۆژ پێویستە شۆفێر,لایتی نزم (ناصی) پێ بکات,لایتی فول پێ بکات,لایتی ئاگاداری پێ بکات,A9,
تێپەڕیوون لە ئۆتۆمبیلەکانی سایدی خێرا ئەنجام دەدرێت,بەکارهێنانی هۆڕن بۆ ئاگادارکردنەوە,بە هەمان خێرایی بڕۆیت و سایدی راست بەڕنەدەبیت,بڕۆیت بۆ سایدی دیوی چەپ بۆ تێپەڕاندنی ڕێگە بە ئۆتۆمبیلەکانی دیکە بدەیت لە سایدی خێرا بڕۆن,C10,
لاپتی زەرد پچڕپچڕ لە جادە بە واتای,ووریابە مەترسی لە پێشەوە هەیە,هێمای پەرینەوەی پیادەکان,ئامادە بە بۆ ڕۆیشتن,A11,
کە نزیک بێت لە چوار ڕیانێک هێمای هاتوچۆی لێ دانەنرابێت و ببینیت ئۆتۆمبیلێک لە دیوی ڕاستەوە دێت,بوەستە و ڕێگە بەو ئۆتۆمبیلەی لای راست بدە بڕوات,بەردەوام بە بە هەمان خێرایی چونکە پێش ئەو هاتی,خێراییت زیاد بکە بۆ ئەوەی پێش ئەو تێپەڕی,A12,
کاتێک لە سایدی دیوی ڕاست لە هێلی خێرا  ئۆتۆمبیلێک دەخۆرێت و نزیک دەبێتەوە لە دەروازەی جادەی خێرا پێویستە ووریا و ئاگادار بیت و هەڵستیت بە,بە کارهێنانی هۆرن بۆ ئاگادارکردنەوە,بە هەمان خێرایی بڕۆیت و سایدی ڕاست بەرنەدەیت,بڕۆیت بۆ سایدی دیوی چەپ بۆ تێپەڕاندنی ڕێگە بە ئۆتۆمبیلەکانی دیکە بدەیت لە سایدی خێرا بڕۆن,B13,
گرنگترین دیکیومێنتەکان چین بۆ ئۆتۆمبیل لە کاتی لێخوڕیندا,"مۆڵەتی لێخوڕین، کارپێکراو بێت و یەکسان بێت لەگەڵ جۆری ئۆتۆمبیل، ساڵانەی ئۆتۆمبیل و پێویستە کارابێ",ناسنامەی باری شارستانی و ڕەگەزنامەی عێراق,کەتەلۆکی ئۆتۆمبیل,A14,
پێویستە لەسەر خاوەن یان شۆفێری ئۆتۆمبیل,ڕێگە بەکەس نەدات مۆڵەتی نەبێت بۆ لێخوڕینی ئۆتۆمبیلەکەی,هەر کەسێک داوای لێ کرد ئۆتۆمبیلەکەی پێ بدات,ڕێگەدان  بە بەکارهێنانی ئۆتۆمبیلەکەی بێ هەبوونی مەرجەکانی سەلامەتی و ئەمان (دیکیومێنتی پشکنینی تەکنیکی) لە ئۆتۆمبیلەکەی,A15,
لێخوڕینی ئۆتۆمبیل لە کاتی باران یان بەفر یان جادەی تەڕ مەودای ڕاگرتن لە کاتی پێ دانان لەسەر برێک,زیاد دەکات,کەم دەکات,باران کاریگەریی لەسەر ناکات,A16,
"لێخوڕین بە شەو پێویستی بە ووریایی و بایەخێکی زۆر هەیە بە بەراورد لەگەڵ لێخوڕین بە ڕۆژ، بەهۆی",بینین لە شەو سنووردارە لە ڕۆشنایی لایتەکان,بەردەوام ئامادە بە بۆ بەکارهێنانی برێک,هەموو لایتەکانی ئۆتۆمبیلەکەت بەکاربێنە و چاوت لەسەر جادە بێت تەنانەت ئەگەر ماندووش بوویت,A17,
کهول و ماددەی هۆشبەر کاریگەری لەسەر مرۆڤ هەیە,ئۆتۆمبیل لێناخوڕم ئەگەر کهولم خواردبێتەوە و ناهێڵم کەس لێبخوڕێت ئەگەر ماددەی کهولی خواردبێت,ڕێژەی کهول و ماددەی هۆشبەر بە کەمی کاریگەری لەسەرم نیە و دەتوانم ئۆتۆمبیل لێبخوڕم,کاریگەری هەیە لەسەر شارەزایی و توانای بڕیاردان لە کاتی لێخوڕین,A18,
کەی کاتی بەکارهێنانی ڕووناکی_یە (لایت) بەپێی یاسا؟,بەکارهێنانی لایت پێش شەو داهاتن (پێش ڕۆژئاوا تاکو پاش ڕۆژهەڵات),تەنها لە کاتی لێخوڕین بە شەو,بە ڕۆژ لە کاتی لێخوڕین لە جادەی خارجی,A19,
هێڵی سپی بەردەوام لەسەر جادەی جووت ساید بەواتای,تێپەڕبوون لێی قەدەغەیە,ئەگەر ئۆتۆمبیل لە بەرامبەر نەهات دەتوانی تێپەڕی,دەتوانی لێی تێپەڕی لە حاڵەتی وەستانی ئۆتۆمبیل لەو سایدەی کە لێی دەخوڕیت,A20,
ڕێگە دەدرێت بە بەکارهێنانی لایتی ئاگادارکردنەوە یان دانانی ئامێری ڕووناکی یان دەنگی وەک فریاکەوتنەکان؟,نەخێر بە هیچ شێوەیەک نابێت,بۆ هەندێک کەس بە ئیستیسنا ڕێگەی پێدراوە,بۆ بارهەڵگرەکان ڕێگەی پێدراوە,A21,
هۆکارەکان چین لە دروستبوونی تەقەتەق لە کاتی بەکارخستنی بزوێنەر یان بەکارهێنانی ئۆتۆمبیل لە ژێر باری قورس یان بە بەتاڵی؟,بەکارهێنانی بەنزین بە ئۆکتانی نزم,دانەنانی قورساییەکی زۆر لەسەر توانای بزوێنەر,بەنزین لە تەنکی کەمی کردووە,A22,
لە کاتی گەرمبوونی ئاوی رادێتەر پێویستە لەسەر شۆفێر,قەپاغی ڕادێتەر هەڵدانەوە بۆ دەرچوونی پاڵەپەستۆ,کوژاندنەوەی بزوێنەر,نەکوژاندنەوەی بزوێنەر و ساردکردنەوەی ڕادێتەر بە ئاو لە دەرەوە بۆ ماوەی ٢٠ خولەک و پاشان کردنەوەی قەپاغی ڕادێتەرەکە,C23,
یەكێك لە هۆکارەکانی پشت گەرمبوونی بزوێنەر,کەمی ئاو لە سیستەمی ساردکردنەوە یان تێکچوونی قەپاغی ڕادێتەر,لێخوڕینی ئۆتۆمبیل بە خێراییەکی کەم,لێخوڕین لە کەشوهەوای گەرم,A24,
لە کاتی لێخوڕینی ئۆتۆمبیل بە خێرایی ٣٠ کم/کاتژمێرێک پێویستە مەودایەک بمێنێت لەگەڵ ئۆتۆمبیلی پێشەوەت؟,١٠ مەتر,٥ مەتر,٢٠ مەتر,A25,
بارکردنی سەرنشین بە ژمارەی زیاتر لەوەی پێویستە,دەبێتە هۆی ڕوودانی ڕووداو لەبەرئەوەی ڕێگری لە شۆفێر دەکات و بەرچاوی دەگرێت,دابەشکردنی بار دەبێتە هۆی نالەباری هاوسەنگی ئۆتۆمبیلەکە,دەبێتە هۆی تەقینەوەی تایەکان,B26,
بەکارهێنانی ئەنتی فریز بۆ ساردکەرەوەی (ڕادێتەر) لە وەرزی زستان,لەگەڵ ئاوی ئاسایی تێکەڵ دەکرێت بە ڕێژەی دیاریکراو بەپێی دابەزینی پلەی گەرما,ئاوی ساردکردنەوەی ڕادێتەر ساڵانە دەگۆڕدرێت یان پاش ٢٥٠٠٠ کم,بۆ ڕێگرتن لە بەستنی ئاوی فلجەکان,A27,
هۆکارەکانی پشت تێکچوونی تایەکان (بەتایبەتی تایەی پێشەوە) و بەکاربردنی خێرایان چین؟,ڕاگرتنی ئۆتۆمبیل و هاوسەنگی پێویستی بە چاککردن و ڕێکخستنی گێچ بڵانس هەیە,لێخوڕینی ئۆتۆمبیل بەبێ سەرنشین,لێخوڕینی ئۆتۆمبیل بە خێرایی و لە ژێر باری قورس,A28,
نوێ  نەکردنەوەی پشکنینی تەکنیکی ساڵانە سزاکەی,پێ بژاردن,زیندانی,دەست بەسەرداگرتنی ئۆتۆمبیل,A29,
ژمارەی تەلەفۆنی پۆلیسی فریاکەوتن,١٠٤,١٢٢,١٠٢,A30,
نوێ  نەکردنەوەی ساڵانەی ئۆتۆمبیل سزاکەی,زیندانی,دەست بەسەرداگرتنی ئۆتۆمبیل,سزای دارایی,C31,
ڕوون گۆڕین بەو شێوەیەی خوارەوە جێبەجێ دەکرێت,ڕوونی بزوێنەر دەگۆڕدرێت بەپێی مەودای ڕۆیشتنی ئۆتۆمبیل و جۆری و مواسەفانی ڕوونەکە و پێویستە فلتەرەکەی لە هەموو ڕوون گۆڕینێک بگۆڕدرێت لە شوێنی تایبەت بە چاککردنەوەی ئۆتۆمبیلەکە,ڕوونی بزوێنەر پاش ١٠٠٠ کم دەگۆڕدرێت,پێویستە مواسەفاتی ڕوونەکە (50 40W)  بێت لەبەر ئەوەی باشە بۆ وەرزی زستان و هاوین,A32,
لە حاڵەتی تێپەڕبوونی ئۆتۆمبیلێک لە تۆ پێویستە,یارمەتی بدەیت لە ڕێگەی پاراستنی ڕێچکەی ڕۆیشتنی ئۆتۆمبیلەکەت لە سایدی راست و کەمکردنی خێرایی,دەرهێنانی دەستت یان بەکارخستنی لایت بۆ ئاماژەدان بۆ ئەوەی لە ئۆتۆمبیلەکەت تێپەڕێت,زیادکردنی خێرایی ئۆتۆمبیلەکەت بۆ ئەوەی تێنەپەڕێت,A33,
کێبڕکێ یان چالاکی هاوشێوە لە ڕێگەی گشتی ئاساییە؟,بە هیچ شێوەیەک ڕێگەی پێ نادرێت لە ڕێگەی گشتی,بۆ ئۆتۆمبیلە وەرزشییەکان ڕێگەی پێدراوە,لە گەراجەکان ڕێگەی پێدراوە,A34,
ژمارەی تەلەفۆنی فریاکەوتنی هاتوچۆ,١٨٨,١٢٢,١٠٤,A35,
بەرزترین پلەی خێرایی بۆ جۆرە جیاوازەکانی ئۆتۆمبیل بە شەو لە ڕێگەکانی جووت ساید,نیوەی خێرایی دیاریکراو بە یاسا بۆ شەقامەکە,هەمان خێرایی کە یاسا دەستنیشانی کردووە,  ٨٠کم/کاتژمێرێك,A36,
تێپەڕبوون لە کامیۆن (لە تەنیشتەکانی ئۆتۆمبیل) دەستنیشانکراوە بە مەودایەك کە بریتییە لە,دوا پلە بە ٢٠ سم,دوا پلە بە ٥٠ سم,دووا پلە ٨٠ سم,A37,
ژمارەی تەلەفۆنی فریاکەوتن (ئیسعاف),١٨٨,١٠٤,١٢٢,C38,
تێپەڕبوون لە کامیۆن لە پێش و دوواوە بە دوورییەکی دیاریکراو, 1مەتر لەگەڵ دانانی ئاڵایەکی سوو,0.5مەتر لەگەڵ دانانی ئاڵایەکی سوور,1.5مەتر لەگەڵ دانانی ئاڵایەکی سوور,A39,
بەرزترین خێرایی بۆ شۆفێرەکانی ئۆتۆمبیلی بجووک لە ڕێگەی دەرەکی جووت ساید, 90کم / کاتژمێرێك,100کم / کاتژمێرێك,120کم / کاتژمێرێك,B40,
سەرنشینەکانی هەر ئۆتۆمبیلێك لە کاتی سەرکەوتن یان دابەزینیان لە ئۆتۆمبیل پێویستە نەبنە هۆی مەترسی لەسەر ژیانی خەڵکی دیکە لە شەقام,دابەزین و سەرکەوتن لە دیوی ڕاستی ئۆتۆمبیل,دابەزین و سەرکەوتن لە هەموو دەرگاکانەوە,شۆفێر دەتوانێت سەرکەوێت و دابەزێت لە دیوی ڕاستەوە,A41,
"هیچ ئۆتۆمبیلێك بۆی نییە بڕوات لە شەقامی هاتوچۆی خێرا ئەگەر پانتایی زیاتر بوو لە ......، بێجگە لەوەی ئەگەر یەکێك لە ئۆتۆمبیلەکانی هاتوچۆ لەگەڵی بوو بۆ ڕێنیشاندەری و بەکارهێنەرانی شەقامەکان بە شەو و بە ڕۆژ ئاگادار بکاتەوە لەوەی",٢ مەتر,٢.٥ مەتر,٣ مەتر,B42,
ڕێگەنەدان بە خەڵکی پیادە بۆ پەڕینەوە لە شوێنی دیاریکراوی پەڕینەوە سزای لەسەرە بە بڕی,١٠.٠٠٠ دینار,١٥.٠٠٠ دینار,٣٠.٠٠٠ دینار,C43,
"جێهێشتن یان ڕاگرتنی ئۆتۆمبیلی گەورە لە کۆڵان و شەقامە ناوخۆییەکانی ناوچە نیشتەجێبووەکان، بێجگە لە وەستان بۆ ماوەیەکی دیاریکراو بۆ داگرتن یان بارکردن، سزای لەسەرە بە بڕی",٥.٠٠٠ دینار,١٠.٠٠٠ دینار,٢٠.٠٠٠ دینار,C44,
دەکرێت ئۆتۆمبیلێك بڕوات پێ شۆفێر تەنانەت ئەگەر کرێنیش ڕایدەکێشا؟,هەموو جۆرەکانی ئۆتۆمبیل,تەنها کامیۆنەکان,ئۆتۆمبیلەکانی ئینشا,A45,
بەکارهێنانی ڕووناکی نزم لە کاتی ڕۆژ ئەگەر,پیادە لەوێ هەبوو,ڕەتلی ئۆتۆمبیل هەبوو,تەم و مژ هەبوو یان تۆز,C46,
لێخوڕینی ئۆتۆمبیل بە ژمارەی نەخوێندراو یان تێکچوو سزای لەسەرە بە بڕی,٣٠.٠٠٠ دینار,٢٠.٠٠٠ دینار,١٠.٠٠٠ دینار,A47,
بەکارنەهێنانی پشتێنی سەلامەتی لەو ئۆتۆمبیلانەی پشتێنی تێدا هەیە لە کاتی لێخوڕین سزای لەسەرە بە بڕی,٢٠.٠٠٠ دینار,١٥.٠٠٠ دینار,٣٠.٠٠٠ دینار,A48,
"لێخوڕینی هەر ئۆتۆمبیلێك قەدەغەیە ئەگەر بەربەست لە بەردەم بینینی شۆفێرەکە هەبوو، بۆ نموونە",شکان لە جامی پێشەوە یان تەنیشتەکان کە ڕێگر بێت لە بینین بە باشی,لێخوڕینی ئۆتۆمبیل ئاساییە ئەگەر جامی دەرگاکان تاریک بوو,باری ئۆتۆمبیلەکە پەیوەندی بەم مەسەلەیە نیە,A49,
کاتێک بزوێنەر گەرم هەڵدەگەرێت,قەپاغی ئاوی ڕادێتەر هەڵگرن و بیهێڵن تا ئەو کاتەی بزوێنەر سارد دەبێت,قەپاغی ئاوی ڕادێتەر هەڵگرن و ئاوی بۆ زیاد بکەن تا ئەو کاتەی ڕادێتەر سارد دەبێت,بە هیچ شێوەیەک قەپاغی ئاوی ڕادێتەر مەکەوە ئەگەر بزوێنەر گەرم بوو و ئاوی بۆ زیاد مەکە,C50,
سوورانەوە بۆ دیوی چەپ نەنجام دەدرێت,دەرهێنانی دەستی چەپ لە پەنجەرەی ئۆتۆمبیلەکەوە,بەکارهێنانی لایتی ڕووناکی بۆ دیوی چەپ,بەکارهێنانی لایتی وەستانی فریاگوزاری,B51,
شۆفێر بەرپرسیارە لەسەر سەلامەتی ئۆتۆمبیلەکەی و پێویستە ڕۆژانە و بە شێوەیەکی دەوری پشکنینی بکات پێش لێخوڕین لەپێناو دڵنیابوون لە,گونجاوبوونی بۆ لێخوڕین,پاڵەپەستۆی تایەکان,پلێتی تۆمار,A52,
تێپەڕبوون قەدەغەیە ئەگەر,ئەگەر هێمای وەستان قەدەغەیە بینیت,لە شەقامەکانی خارجی,لە شەقامی هەڵخلیسکاو,C53,
پەڕینەوەی خەڵک لە شوێنە دیاریکراوەکانی پەڕینەوە,شۆفێر لەسەر ژیانیان بەرپرسیار دەبێت,دادوەر حوكمەکەت سووك ناکات لەبەر ئەوەی یاسا پشتی قوربانی دەگرێت,شۆفێری پیادە سزای ١٠ ساڵ زیندانی لەسەر هەیە,A54,
دانیشتنی منداڵان و ئەوانەی تەمەنیان لەخوارووی ١٠ ساڵە بەو شێوەیەی خوارەوە دەبێت,لە سەندوقی ئۆتۆمبیل,لە باوەشی سەرنشینەکەی پێشەوە,لە کورسی دواوە و لە کورسی تایبەت بە دانیشتنی منداڵان,C55,
پێویستە شۆفێر لە سایدی ئەوپەڕی ڕاستی شەقامەکە لێبخوڕێت لەو حاڵەتانەی خوارەوە,ئەگەر ئۆتۆمبیلەکەی بە خێرایییەکی کەمتر لە سنووری خێرایی دەستنیشانکراو لێدەخوڕی,لە کاتی تێپەڕبوون لە ئۆتۆمبیلی پێشەوە,لە کاتی لێخوڕینی بە خێرایی لە سایدێکی دیکە,A56,
بەکارهێنانی فول لایت قەدەغەیە,لە شەقامی هاتوچۆی خێرا,لە شەقامی خارجی,ئەگەر ئۆتۆمبیلێك لە بەرامبەر هات یان لە کاتی نزیکبوونەوە لە ئۆتۆمبیلێکی پێشت,C57,
"لێخوڕین لە شەقامی دوور دەبێتە هۆی هەستکردن بە خەو یان ماندووبوون، بۆیە پێویستە لە هەموو کاتژمێرێکدا",٨ خولەک پشوو وەربگریت,٦ خولەک پشوو وەربگریت,٥ خولەک پشوو وەربگریت,C58,
بەکارهێنانی هۆرن,لە شوێنی قەرەباڵغ بەکار دەهێنرێت,لە نزیک قوتابخانە و نەخۆشخانەکان,لە کاتی پێویست کە بەکارهێنانی گرنگە یان بۆ خولادان لە مەترسییەکی پێشبینیکراو,C59,
شۆفێرەکان دەتوانن لە تاریکی یان بە شەو پیادەکان ببینن ئەگەر,جلوبەرگی تاریکی لەبەر بوو,ڕەنگی کاڵ یان عەکسیان لەبەر بوو,جلوبەرگی ڕەنگاو ڕەنگیان لەبەر بوو,C60,
ئایا  ئۆتۆمبیل دزەی بەنزینی هەبێت لە سیستەمی بەنزین دەبێتە هۆی دەرنەچوونی ئۆتۆمبیل لە پشکنینی ساڵانەی ئۆتۆمبیل؟,بەڵێ دەبێتە هۆکاری دەرنەچوون,نەخێر نابێتە هۆی دەرنەچوون,گرنگ نییە,A61,
ئایا دزەی ڕۆنی برێک (استاب) دەبێتە هۆکاری دەرنەچوونی ئۆتۆمبیل لە پشکنینی ساڵانەی ئۆتۆمبیل؟,بەڵێ دەبێتە هۆکاری دەرنەچوون,نەخێر نابێتە هۆی دەرنەچوون,گرنگ نییە,A62,
ئایا کەمبوونی ڕۆنی برێک لە عەمباری برێک (دەبەی دەبوی سەرەکی) دەبێتە هۆکاری دەرنەچوونی ئۆتۆمبیل لە پشکنینی ساڵانەی ئۆتۆمبیل؟,بەڵێ دەبێتە هۆکاری دەرنەچوون,نەخێر نابێتە هۆی دەرنەچوون,گرنگ نییە,A63,
هەڵگرتنی مۆڵەتی لێخوڕین پێویست دەکات لە هەموو کاتێک ئۆتۆمبیل لێبخوڕیت؟,مەرج نییە مۆڵەتەکە هەڵگری,بۆ گەشتی دوور مۆڵەت پێویست نییە,بەڵێ,C64,
ئایا کارنەکردنی هاندبرێک دەبێتە هۆکاری دەرنەچوونی ئۆتۆمبیل لە پشکنینی ساڵانەی ئۆتۆمبیل؟,بەڵێ دەبێتە هۆکاری دەرنەچوون,نەخێر نابێتە هۆی دەرنەچوون,گرنگ نییە,A65,
ئایا شکان و نەبوونی ئاوێنەی راست یان چەپی شۆفێر دەبێتە هۆکاری دەرنەچوونی ئۆتۆمبیل لە پشکنینی ساڵانەی ئۆتۆمبیل؟,بەڵێ دەبێتە هۆکاری دەرنەچوون,نەخێر نابێتە هۆی دەرنەچوون,گرنگ نییە,A66,
ئایا کارنەکردنی فڵچەی جامەکانی ئۆتۆمبیل دەبێتە هۆکاری دەرنەچوونی ئۆتۆمبیل لە پشکنینی ساڵانەی ئۆتۆمبیل؟,بەڵێ دەبێتە هۆکاری دەرنەچوون,نەخێر نابێتە هۆی دەرنەچوون,گرنگ نییە,A67,
فۆڕمی ئەنجامی پشکنین ئەو مۆرەی لەسەر دەکرێت,مۆری دەرچوون + مۆری ئاوی + هۆڵۆگرامی کۆمپانیا,تەنها مۆری دەرچوون,تەنها هۆلۆگرام,A68,
"لەگەڵ ئەنجامی پشکنین پاش دەرچوونی ئۆتۆمبیل، ئەوانەی لای خوارەوە پێشکەش دەکرێت",باجێکی تایبەت لەسەر جامی پێشەوە دەدرێت لە دیوی لای چەپ لە سەرەوە,هیچ باجێکی پێشکەش ناکرێت,باجەکە پێویست نییە,A69,
ئایا کاڵبوونەوەی ڕەنگی بۆیاغی ئۆتۆمبیل دەبێتە هۆکاری دەرنەچوونی ئۆتۆمبیل لە پشکنینی ساڵانە؟,بەڵێ دەبێتە هۆکاری دەرنەچوون,نەخێر نابێتە هۆی دەرنەچوون,گرنگ نییە,C70,
ئایا ئەگەر ئۆتۆمبیل ژەنگی پەیکەری هەبێت لە دۆسەکانی دەبێتە هۆکاری دەرنەچوونی ئۆتۆمبیل لە پشکنینی ساڵانەی ئۆتۆمبیل؟,بەڵێ دەبێتە هۆکاری دەرنەچوون,نەخێر نابێتە هۆی دەرنەچوون,گرنگ نییە,B71,
یەكێك لە فاکتەرە سەرەکییەکانی سەلامەتی لە شەقامەکە,هەبوونی مەرجەکانی سەلامەتی (پشکنینی تەکنیکی  دەوری بۆ ئۆتۆمبیلەکان),سەلامەتی پەیوەندی بە پشکنینی تەکنیکی ئۆتۆمبیلەکان نیە,بەڕێوەبەرایەتییەکانی هاتوچۆ پشت نابەستن بە پشکنینی تەکنیکی لە کاتی نوێکردنەوەی ساڵانەی ئۆتۆمبیلەکان,A72,
تێکچوونی هۆرن لە کاتی پشکنین دەبێتە هۆی,دەرنەچوونی ئۆتۆمبیل لە پشکنین,نابێتە هۆی کەوتنی لە پشکنین,هۆرن پەیوەندی بە پشکنینەوە نییە,A73,
ئایا داگیرسانی گڵۆپی مەکینە لە داشبورد دەبێتە هۆکاری دەرنەچوونی ئۆتۆمبیل لە پشکنینی ساڵانەی ئۆتۆمبیل؟,بەڵێ دەبێتە هۆکاری دەرنەچوون,نەخێر نابێتە هۆی دەرنەچوون,تەنها نمرەی دادەبەزێت,C74,
پشکنینی یەکەم پێکهاتووە لە,پشکنینی هەموو بڕگەکانی فۆرمی پشکنینی لاوەکی و سەرەکی,تەنها پشکنینی بڕگە سەرەکییەکان,تەنها پشکنینی بڕگە لاوەکییەکان,A75,
"ئەگەر ئۆتۆمبیل گڵۆپەکانی بەرزی و نزمی زینۆنی بیلادی بێت، لە پشکنینی ساڵانەی ئۆتۆمبیل دەردەچێت؟",بەڵێ دەردەچێت,نەخێر دەرناچێت,گرنگ نییە,A76,
ئایا ئەگەر قفلی بۆنید نەکرێتەوە دەبێتە هۆکاری دەرنەچوونی ئۆتۆمبیل لە پشکنینی ساڵانەی ئۆتۆمبیل؟,بەڵێ دەبێتە هۆکاری دەرنەچوون,نەخێر نابێتە هۆی دەرنەچوون,گرنگ نییە,A77,
"ئایا ئەگەر گزۆزی ئۆتۆمبیل دەنگ بەرزکەرەوەی بۆ بەسترا، دەبێتە هۆکاری دەرنەچوونی ئۆتۆمبیل لە پشکنینی ساڵانەی ئۆتۆمبیل؟",بەڵێ دەردەچێت,"نەخێر دەرناچێت، دەبێت لەسەر شێوازی بیلادی بێت",گرنگ نییە,B78,
ئایا ئەگەر سۆندەی برێک (استاب) دزەی ڕوونی هەبێت دەبێتە هۆکاری دەرنەچوونی ئۆتۆمبیل لە پشکنینی ساڵانەی ئۆتۆمبیل؟,بەڵێ دەردەچێت,نەخێر دەرناچێت,گرنگ نییە,B79,
سوودی پشتێنی سەلامەتی,تەنها بۆ شۆفێرە,بۆ شۆفێر و گشت سەرنشینەکانی ترە,هیچ سوودێکی نیە و گرنگ نیە,B80,
ئەم هێمایە چی دەگەیەنێت؟,پێشینە بۆ تۆیە,پێشینە بۆ تۆ نیە,بۆ پێشەوە بڕۆ,C81,A81.png
ئەم هێمایە چی دەگەیەنێت؟,ئاگاداربە ڕێگاکە تەسك دەبێتەوە لە هەردوو لا,ئاگاداربە ڕێگاکە تەسك دەبێتەوە لە لای ڕاست,ئاگاداربە ڕێگاکە تەسك دەبێتەوە لە لای چەپ,C82,A82.png
ئەم هێمایە چی دەگەیەنێت؟,هاتوچۆکردنی ئۆتۆمبیلی گەورە قەدەغەیە (ترێلە),هاتوچۆکردنی ئۆتۆمبیلی گەورە قەدەغە نیە (ترێلە),وەستانی ئۆتۆمبیلی گەورە قەدەغەیە,A83,A83.png
ئەم هێمایە چی دەگەیەنێت؟,ئاگاداری تاشە بەردی کەوتوو بە لە لای چەپ,ئاگاداری تاشە بەردی کەوتوو بە لە لای ڕاست,ئاگاداری تاشە بەردی کەوتوو بە لە هەردوو لا,A84,A84.png
ئەم هێمایە چی دەگەیەنێت؟,سەرەتای ڕێگای خێرایە,ڕێگایەکی یەک ئاراستەیە,ڕێگایەکە داخراوە لە کۆتایی,B85,A85.png
ئەم هێمایە چی دەگەیەنێت؟,ئاگاداری مەترسی جۆراوجۆر بە,ئاگادار بە تاسە لە پێشتە,ئاگاداری بەربەست بە,B86,A86.png
ئەم هێمایە چی دەگەیەنێت؟,چوونە ژوورەوە قەدەغەیە,هاتوچۆکردنی ئۆتۆمبیلی بچووک,هاتوچۆکردن قەدەغەیە لە هەردوو لا,A87,A87.png
ئەم هێمایە چی دەگەیەنێت؟,ڕێگای سەرەکی پێشینەی (پێشینە بۆ تۆیە),"ئۆتۆمبیلەکانی بەرامبەر ناچارن بە پێشینەدان، ئاگاداربە",بوەستە و ڕێگە بە پێشینە بدە,C88,A88.png
ئەم هێمایە چی دەگەیەنێت؟,ئاگاداری چوونە ژوورەوەی تونێل بە,چوونە ژوورەوە قەدەغەیە,ئاگاداری تاشەبەردی کەوتوو بە,A89,A89.png
ئەم هێمایە چی دەگەیەنێت؟,ئاگاداربە هەورازێکی تێژ بە پلەی ١٢٪,ئاگاداربە نشێویەکی مەترسیدار بە پلەی ١٢٪,ئاگاداربە تاسەت لە پێشەوە بە پلەی ١٢٪,A90,A90.png
ئەم هێمایە چی دەگەیەنێت؟,ئاگاداربە تاسەت لە پێشەوە بە پلەی ١٢٪,ئاگاداربە نشێویەکی مەترسیدار بە پلەی ١٢٪,ئاگاداربە هەورازێکی تیژ بە بە پلەی ١٢٪,B91,A91.png
مانگی دەستنیشانکراو چیە بۆ پشکنینی ئۆتۆمبیلەکەت کە ئەو ژمارەیەی خوارەوەی هەیە؟,مانگی چوارەم (نیسان),مانگی حەوتەم (تەمموز),ج. مانگی نۆیەم (ئەیلول),C92,A92.png
ئەم هێمایە چی دەگەیەنێت؟,ئاگاداربە هێڵی شەمەندەفەر لە پێشە,ئاگاداربە دووری ١٠٠ مەتر,ئاگاداربە دووری ٢٠٠ مەتر,B93,A93.png
ئەم هێمایە چی دەگەیەنێت؟,ئاگاداربە تاشەبەردی کەوتوو بە لای ڕاست,ئاگاداربە لە چەوری پەرش و بڵاوە بوو,ئاگاداری ڕێگای هەڵخلیسکان بە,B94,A94.png
ئەم هێمایە چی دەگەیەنێت؟,ئاگاداربە وێنەگرتن قەدەغەیە,ئاگاداربە لە تەنیشتە با,ئاگاداری کامێڕای خێرایی بە,C95,A95.png
ئەم هێمایە چی دەگەیەنێت؟,ئاگاداربە دووریەکی گونجاو جێبهێلە لە نێوان ئۆتۆمبیلەکەت,پێشینەی هاتوچۆ بۆ لای تۆیە,لێک رەت بوون قەدەغەیە,C96,A96.png
ئەم هێمایە چی دەگەیەنێت؟,دەرچوونی بارهەڵگرەکان قەدەغەیە,کۆتایی قەدەغەکردنی دەرچوونی بارهەڵگرەکان,هاتوچۆکردنی ئەو ئۆتۆمبیلانەی کە درێژییەکەیان زیاترە,A97,A97.png
ئەم هێمایە چی دەگەیەنێت؟,کۆتایی قەدەغەکردنی دەرچوون لە ئۆتۆمبیلە بچووکەکان,کۆتایی قەدەغەکردنی دەرچوون لە گشت ئۆتۆمبیلەکان,کۆتاییەکی دیاریکراو,A98,A98.png
ئەم هێمایە چی دەگەیەنێت؟,قەدەغەکردنی دەرچوونی بارهەڵگرەکان,کۆتایی قەدەغەکردنی دەرچوونی بارهەڵگرەکان,کۆتایی قەدەغەکردنی دەرچوونی گشت ئۆتۆمبیلەکان,B99,A99.png
ئەو بەشەی بزوێنەر کە تیرەی لەسەر دانراوە ناوی چییە؟,خەززانی شلەی پاوەر,خەززانی شلەی برێک,خەززانی ئاوی فڵچەکان,A100,A100.png
مەودای دروست چەندە بۆ وەستانی ئۆتۆمبیل لە نزیک وێستگەی باص؟,١٠ مەتر پاش و ٢٠ مەتر پێش وێستگەی باص,١٥ مەتر پاش و ١٠ مەتر پاش وێستگەی باص,١٠ مەتر پاش و ١٥ مەتر پاش وێستگەی باص,A101,A101.png
ئەو بەشەی بزوێنەر کە تیرەی لەسەر دانراوە ناوی چییە؟,خەززانی شلەی برێک,خەززانی ئاوی فڵچەکان,خەززانی شلەی پاوەر,B102,A102.png
ئەو بەشەی بزوێنەر کە تیرەی لەسەر دانراوە ناوی چییە؟,گێچی ڕوونی برێک,گێچی ڕوونی بزوێنەر,گێچی ڕوونی پاوەر برێک,B103,A103.png
چی لەو وێنەیە تێدەگەیت لە حاڵەتی نەبوونی هێماکانی هاتوچۆ؟,"وریابە، گەرەکی نیشتەجێیە",شەقامی کشتوکاڵی,پێویستە خێرایی ڕۆیشتنی ئۆتۆمبیل تێنەپەڕێت لە ٦٠ کم/کاتژمێرێک,A104,A104.png
چی لەو وێنەیە تێدەگەیت لە حاڵەتی نەبوونی هێماکانی هاتوچۆ؟,گەرەکی نیشتەجێ (وریابە),شەقامی کشتوکاڵی,پێویستە خێرایی ڕۆیشتنی ئۆتۆمبیل تێنەپەڕێت لە ٨٠ کم/کاتژمێرێک,B105,A105.png
مەودای دروست چەندە بۆ وەستانی ئۆتۆمبیل لە نزیک هێلی پەڕینەوەی پیادە؟,٢٠ مەتر پێش و ١٠ مەتر پاش هێلی پەڕینەوە,"مەودا گرنگ نیە, گرنگ ئەوەیە لەسەر هێڵ نەوەستێت",٥ مەتر پێش و ٥ مەتر پاش هێلی پەڕینەوە,A106,A106.png
پێشینە بۆ کێیە؟,ئۆتۆمبیلی ڕەنگ سپی,ئۆتۆمبیلی ڕەنگ سوور,هەردووکیان,A107,A107.png
پێشینە بۆ کێیە؟,ئۆتۆمبیلی ڕەنگ سەوز,هەردوو ئۆتۆمبیلەکانی ڕەنگ سپی و سوور,ئۆتۆمبیلی ڕەنگ شین,A108,A108.png
پێشینە بۆ کێیە؟,ئۆتۆمبیلی پشت پاسەکە,ئۆتۆمبیلی تەنیشت پاسەکە,پێشینە نییە,B109,A109.png
پێشینە بۆ کێیە؟,ئۆتۆمبیلی ڕەنگ سوور,ئۆتۆمبیلی ڕەنگ سپی,بارهەڵگرەکە,A110,A110.png
پێشینە بۆ کێیە؟,ئۆتۆمبیلی ڕەنگ سپی,ئۆتۆمبیلی ڕەنگ سوور,هەردووکیان,B111,A111.png
پێشینە بۆ کێیە بۆ سوورانەوە لە فلکە؟,ئۆتۆمبیلی H,ئۆتۆمبیلی G,پێشینە بۆ هیچ کامیان نییە,B112,A112.png
پێشینە بۆ کێیە؟,ئۆتۆمبیلی ڕەنگ سوور کە لە وێستگەی سووتەمەنی دەردەچێت,ئۆتۆمبیلی ڕەنگ سپی,هەردووکیان,B113,A113.png
پێشینە بۆ کێیە؟,ئۆتۆمبیلی ڕەنگ سپی,پیادەکان,پێشینە نیە,B114,A114.png
"ئەگەر ئەم حاڵەتەت هاتە پێش، چی دەکەیت؟",وریابە و خێراییت کەم بکەوە,خێرایی زیاد بکە و لێی تێپەڕە,بەردەوام بە لە ڕۆیشتن بەپێی خێرایی دەستنیشانکراوی شەقام,A115,A115.png
پێشینە بۆ کێیە بەپێی زنجیرەیی؟,A و پاشان E و دواتر C و لە کۆتایشدا B,B و پاشان C و دواتر A و لە کۆتایشدا E,A و پاشان B و دواتر C و لە کۆتایشدا E,C116,A116.png
پێشینە بۆ کێیە بە هەبوونی هێمای وەستان؟,ئۆتۆمبیلی A,ئۆتۆمبیلی B,نزیکترین ئۆتۆمبیل لە چوارڕیان,B117,A117.png
پێشینە بۆ کێیە لە کاتی هەبوونی هێمای پێشینە؟,ئۆتۆمبیلی A,ئۆتۆمبیلی B,هەردووکیان پێکەوە,A118,A118.png
"لە کاتی لێخوڕینی ئۆتۆمبیل بە شەو، مەودای چەند پێویستە هەبێت لە نێوان دوو ئۆتۆمبیلی بەرامبەر یەکتری بۆ بەکارهێنانی لایتی نزم؟",٣٠٠ مەتر,٢٠٠ مەتر,١٥٠ مەتر,C119,A119.png
پێشینە بۆ کێیە؟,ئۆتۆمبیلی A,ئۆتۆمبیلی B,نزیکترین ئۆتۆمبیل لە سێریانە,A120,A120.png
پێشینە بۆ کێیە؟,پاسکیلسوارەکە و پاشان پیادەکان و دواتر ئۆتۆمبیلی E و لە کۆتاییدا A,ئۆتۆمبیلی E و پاشان ئۆتۆمبیلی A و دواتر پاسکیلسوارەکە و لە کۆتاییدا پیادەکە,ئۆتۆمبیلی A و پاشان پاسکیل سوارەکە و دواتر پیادەکە و لە کۆتاییدا ئۆتۆمبیلی E,A121,A121.png
ئۆتۆمبیلەکە بۆی هەیە لە ماتۆڕسکیلەکە تێپەڕێت؟,بەڵێ,نەخێر,بەڵێ لەبەر ئەوەی ماتۆڕسکیلە,B122,A122.png
"لە کاتی لێخوڕینی ئۆتۆمبیل بە شەو، مەودای چەند پێویستە هەبێت لە نێوان ئۆتۆمبیلەکەت و ئۆتۆمبیلی پێشەوەت بۆ بەکارهێنانی لایتی نزم؟",١٥٠ مەتر,٢٠٠ مەتر,٣٠٠ مەتر,A123,A123.png
وەستان لە شەقامی خێرا  ئاساییە بۆ سەرکەوتن و دابەزینی سەرنشینەکان؟,ڕێگەی پێدراوە تەنها لە ساتەکانی ڕۆژ,ڕێگەی پێدراوە لە کاتی وەستان لە شوێنەکانی وەستان,بەهەموو شێوەیەک قەدەغەیە,C124,
لە کام حاڵەتدا تێپەڕبوون یان هەوڵی تێپەڕبوون لە ئۆتۆمبیلی دیکە قەدەغەیە؟,لە کاتی بەسەرکەوتنی هەوراز لە ناوچەی چیایی,پێش مەفرەق شەمەندەفەر بە دووری ٣٠٠ مەتر,کاتێک مەودای بینین ڕوون و بەس نیە بۆ دڵنیابوون لە چۆڵی شەقام,C125,
ئایا ڕاگرتنی ئۆتۆمبیل لە دیوی چەپی شەقامی جووت ساید دروستە؟,بە هەموو شێوەیەک قەدەغەیە,ئاساییە بەو مەرجەی لە تەنیشت شۆستەکە بوەستێت,ئاساییە بەو مەرجەی شەقامەکە سایدی زۆر بێت,A126,
